詞彙,出現次數
時間,605
學生,595
課程,474
多元,465
學習,339
可以,210
學校,206
睡眠,178
教育,174
不是,171
真的,149
補習,142
課時間,138
壓力,136
發展,113
問題,110
上課,110
這些,109
需要,109
就是,103
根本,101
認為,101
台灣,96
老師,96
興趣,95
高中生,94
可能,94
很多,92
考試,89
還要,82
每天,80
讀書,78
高中,78
甚至,77
早上,77
小時,74
必要,74
而且,71
上學,70
效率,70
減少,67
增加,67
制度,66
還是,66
探索,65
調整,64
睡眠不足,64
能力,63
影響,63
提升,63
培養,62
這個,62
休息,62
健康,62
社會,62
內容,61
課業,60
真正,60
家長,60
安排,58
希望,57
課綱,56
現在,56
應該,56
反而,55
改善,54
選修,54
造成,54
不會,53
我覺,53
一些,52
作息,52
只是,51
通勤,51
起床,51
有些,49
睡覺,49
導致,48
支持,48
孩子,48
升學,47
主科,47
自主,47
其實,46
放學,45
作業,45
提案,44
精神,43
不僅,43
重要,42
品質,42
下午,42
無法,42
青少年,42
已經,41
覺得,41
晚上,40
回家,40
還有,39
不要,39
社團,39
只會,38
科目,38
東西,37
不如,37
生活,37
方式,37
憂鬱,37
改變,36
時數,36
活動,36
那些,35
第八,35
其他,35
那麼,35
bull,35
而是,34
教育部,34
改成,34
不足,33
知識,33
到校,33
充足,33
身心,33
縮短,33
未來,32
歷程,32
刪掉,32
負擔,32
不能,32
教學,32
環境,32
幫助,32
實際,32
知道,31
但是,31
時候,31
不必要,31
思考,31
身心健康,31
運動,31
自習,30
雖然,30
大家,30
風險,30
至少,29
全面,29
因此,29
彈性,29
不到,29
自律,29
一樣,29
這種,29
非常,28
有效,28
提出,28
不用,28
分鐘,28
選擇,28
自殺,28
進度,28
上班,28
狀態,28
移除,27
學科,27
情況,27
好好,27
自由,27
降低,27
一定,27
一點,27
現行,27
效果,27
規劃,27
有助,27
自我,26
非必要,26
解決,26
晚睡,26
一天,26
改革,26
點上,26
完全,26
自傷,26
早起,26
一直,26
研究,26
改為,26
amp,26
延後上,25
等等,25
專注力,25
刪除,25
必須,25
回到,25
成績,25
大多,25
利用,24
參加,24
浪費,24
一堆,24
容易,24
開始,24
除非,24
心理健康,24
部分,23
變成,23
建議,23
獲得,23
準備,23
國家,23
想要,23
情緒,23
符合,23
十點,22
熬夜,22
每個,22
是否,22
同時,22
成效,22
配合,22
進行,22
確實,21
而已,21
以及,21
辦法,21
壓縮,21
完成,21
同學,21
生理,21
想法,20
政策,20
就算,20
例如,20
普遍,20
許多,20
家庭,20
避免,20
音樂,20
上午,20
幾乎,19
大部分,19
這麼,19
課堂,19
或是,19
習慣,19
喜歡,19
本來,19
課時,19
需求,19
自然,19
美術,19
美國,18
所謂,18
機會,18
不夠,18
交通,18
原因,18
不過,18
嚴重,18
事情,18
慢性,18
提議,18
下降,18
功課,18
核心,18
直接,17
基礎,17
很大,17
像是,17
能夠,17
就要,17
自行,17
保障,17
不同,17
體育,17
並且,17
國中,17
在校,17
同意,17
目前,17
完整,17
常常,17
除了,17
相關,17
晚點,17
沒什麼,16
全部,16
第一,16
刪減,16
午休,16
而言,16
集中,16
廢除,16
有人,16
大學,16
焦慮,16
專心,16
小孩,16
更好,16
有效率,16
專注,16
政府,16
若能,16
機器,15
過度,15
首先,15
已有,15
另外,15
本人,15
加上,15
單純,15
主要,15
基本,15
剝奪,15
方法,15
正課,15
並非,15
所有,15
時段,15
方案,15
社交,15
要求,15
足夠,15
方面,15
體制,15
狀況,15
此外,15
時鐘,15
不應,14
國英數,14
人才,14
成長,14
當然,14
相信,14
學分,14
兩小時,14
畢竟,14
不想,14
取消,14
附議,14
只要,14
參與,14
重點,14
大人,14
下課,14
吸收,14
大幅,14
循環,14
人興趣,14
多元化,14
才能,13
升學導,13
結果,13
只有,13
學測,13
原本,13
將上,13
藝術,13
假日,13
某些,13
心理,13
以上,13
身體,13
推動,13
擁有,13
個小時,13
不然,13
八點,13
缺乏,13
管理,13
設計,13
往往,12
存在,12
即使,12
學生們,12
修改,12
洗澡,12
因素,12
何況,12
尤其,12
並沒有,12
文化,12
看到,12
繼續,12
討論,12
目標,12
只能,12
點到,12
現實,12
顯示,12
資源,12
規定,12
重視,12
提高,12
管道,11
更加,11
節課,11
考科,11
差不多,11
早餐,11
處理,11
不好,11
犧牲,11
目的,11
或許,11
競爭力,11
難以,11
四點,11
世界,11
多餘,11
理由,11
藝能科,11
其次,11
以前,11
減輕,11
上下班,11
接送,11
疲憊,11
方向,11
專業,11
合理,11
有限,11
自社,10
學到,10
整個,10
本身,10
風氣,10
出現,10
補到,10
九點,10
模式,10
之類,10
娛樂,10
絕對,10
面臨,10
強制,10
基本上,10
科技,10
一下,10
國際,10
成功,10
得到,10
隔天,10
正常,10
地方,10
如何,10
贊成,10
獨立,10
運用,10
然而,10
點上學,10
有意,10
工作,10
惡性,10
遲到,10
找到,10
身為,10
健身,10
不管,10
指出,10
保留,10
在家,10
階段,10
技能,10
更是,10
人生,10
這對,10
認真,10
對學生,10
如此,10
點放學,10
心情,10
空間,10
表現,10
有用,10
將國,10
下一代,10
早晨,10
範圍,9
成為,9
一整天,9
觀念,9
時長,9
不必,9
課本,9
義的,9
畢業,9
尖峰,9
上班族,9
提供,9
養成,9
之間,9
專長,9
努力,9
使用,9
藝能,9
被迫,9
注重,9
平常,9
科學,9
理解,9
高度,9
提早,9
七點,9
之前,9
整體,9
再來,9
教師,9
專注度,9
報告,9
決定,9
公司,9
經驗,9
兼顧,9
清晨,9
比較,9
點至,9
要學,8
做好,8
廢課,8
幾點,8
代表,8
這段,8
一般,8
領域,8
拿來,8
規律,8
考慮,8
維持,8
一大堆,8
一起,8
不少,8
各種,8
必修,8
這項,8
痛苦,8
新加坡,8
教室,8
多數,8
達到,8
形式,8
困擾,8
以外,8
強烈,8
許多學生,8
左右,8
意見,8
明確,8
強調,8
促進,8
過長,8
出門,8
請問,8
上下,8
公車,8
晚起,8
課外,8
或者,8
再者,8
老師們,8
了解,8
讀書學習,8
值得,8
議題,8
點了,8
師資,8
課時長,8
起來,8
一種,8
放在,8
平均,8
半小時,8
太晚,8
變得,8
私立,8
評量,8
國中生,8
過氣,8
應付,8
還能,8
過早,8
八小時,8
任何,7
第二,7
第三,7
這是,7
依照,7
做到,7
高壓,7
六小時,7
一小,7
是不是,7
忽略,7
課表,7
資訊,7
亞洲,7
案例,7
ndash,7
觀點,7
幾個,7
出社會,7
課時數,7
結束,7
午餐,7
建立,7
有興趣,7
最後還,7
考量,7
現今,7
六點,7
實質,7
實施,7
低落,7
從事,7
寫作業,7
點才,7
失去,7
國外,7
差距,7
不變,7
堂上,7
給學生,7
繁重,7
檔案,7
傳統,7
拿掉,7
多出,7
剩下,7
既然,7
改到,7
手機,7
日本,7
通常,7
高三,7
閱讀,7
下來,7
投入,7
注意力,7
青春期,7
精力,7
應以,7
更能,7
生學,6
考證照,6
隨便,6
反對,6
以下,6
早睡,6
的國,6
事物,6
早自習,6
落實,6
課上,6
額外,6
肯定,6
不但,6
改進,6
今天,6
治本,6
甚麼,6
爸媽,6
還給,6
禁止,6
清楚,6
它們,6
配套,6
點多,6
進步,6
參考,6
玩遊戲,6
少數,6
休閒,6
未必,6
可是,6
平日,6
認同,6
還得,6
無關,6
整天,6
辛苦,6
透過,6
延後至,6
完善,6
輔導,6
心靈,6
適合,6
不論,6
朋友,6
前提,6
最好,6
分配,6
至於,6
沒時間,6
普通,6
成果,6
大概,6
白天,6
時常,6
大腦,6
五點,6
有點,6
最晚,6
整理,6
表面,6
不再,6
中生,6
關鍵,6
調查,6
包括,6
照樣,6
就會,6
做法,6
願意,6
一名,6
創造力,6
更多,6
必要性,6
考前,6
全世界,6
越來,6
一邊,6
歐美,6
電腦,6
十分,6
打造,6
時代,6
西方,6
平衡,6
沒辦法,6
生涯,6
根據,6
落差,6
這不僅,6
學業,6
進而,5
比起,5
用學習,5
營隊,5
遊學,5
然後縮,5
證據,5
學生會,5
一週,5
生們,5
嘗試,5
文中,5
高職,5
還沒有,5
這不,5
舉例,5
上床,5
入睡,5
簡單,5
產生,5
一生,5
試試,5
好處,5
還沒,5
全球,5
各位,5
開課,5
衝突,5
價值,5
半夜,5
反正,5
新聞,5
競爭,5
麻煩,5
意義,5
歐美國家,5
並不,5
一件,5
平台,5
抱怨,5
慢慢,5
疑問,5
打遊戲,5
訓練,5
發育,5
學時間,5
一次,5
更改,5
課後補習,5
許多學,5
結論,5
數學生,5
動機,5
數據,5
家政,5
晚自習,5
治標,5
若將,5
課堂數,5
課會,5
執行,5
強迫,5
打工,5
點或,5
過程,5
動力,5
難道,5
超過,5
每日,5
結構,5
無論,5
班上,5
不斷,5
出來,5
想學,5
改掉,5
顧及,5
練習,5
不行,5
離學校,5
資料,5
最長,5
世代,5
跟上,5
測驗,5
很累,5
兩節,5
私校,5
數學,5
路上,5
壓迫,5
效仿,5
理念,5
證照,5
現代,5
得以,5
早就,5
身邊,5
感受,5
挑戰,5
花費,5
冗長,5
看似,5
趨勢,5
具有,5
不穩,5
更佳,5
一步,5
一代,5
不佳,5
更具,5
過大,5
太大,5
近年,5
消耗,5
雖說,5
擔心,5
國防,5
本土,5
生成,4
發點,4
困難,4
現象,4
接觸,4
不錯,4
英數,4
體系,4
行為,4
有時,4
大量,4
配套措施,4
過於,4
假設,4
事實,4
心力,4
這才,4
模仿,4
美的,4
明明,4
自身,4
加入,4
高一,4
作為,4
點就,4
教權,4
權利,4
提到,4
經濟,4
空調,4
多多,4
排課,4
身心俱疲,4
依然,4
文字,4
閩南語,4
這類,4
去除,4
更應,4
社群,4
達成,4
來源,4
精進,4
教材,4
發生,4
quot,4
程度,4
特別,4
面向,4
所述,4
禮拜,4
短上,4
沒辦,4
權益,4
英文,4
土城,4
趕車,4
標準,4
打瞌睡,4
使得,4
負荷,4
沒錯,4
數的,4
點後才,4
究竟,4
會導致,4
附近,4
當過,4
太多,4
AI,4
銜接,4
不良,4
距離,4
公平,4
每次,4
到家,4
洗漱,4
更長,4
衍生,4
芬蘭,4
題目,4
固然,4
晚一點,4
放學後能,4
進行個,4
有什麼,4
控制,4
即可,4
上面,4
早點,4
總結,4
學得,4
草莓,4
不了,4
照顧,4
想到,4
哪些,4
還會,4
不得,4
兩個,4
適度,4
通過,4
爭取,4
下去,4
用到,4
責任,4
經常,4
本末倒置,4
明顯,4
學會,4
乖乖,4
這點,4
地區,4
授課,4
7.30,4
一群,4
保證,4
公立,4
哈哈,4
遇到,4
脫離,4
感興趣,4
選修課,4
方便,4
差異,4
唯一,4
專題,4
職涯,4
一部分,4
自修,4
一年,4
留下,4
關心,4
節的,4
減輕學生,4
申請,4
這樣子,4
限制,4
自學,4
這也,4
實習,4
實用性,4
帶來,4
學生長,4
父母,4
提倡,4
現在國,4
課到,4
生理需求,4
精簡,4
具備,4
無須,4
只為,4
充分,4
正面,4
充裕,4
時期,4
補眠,4
擅長,4
寶貴,4
這將,4
極大,4
過多,4
比如,4
預習,4
生活型,4
正確,4
沒興趣,4
雖然現,4
一半,4
效益,4
優先,4
公民,4
太長,4
轉變,4
之外,4
督導,4
打著,4
素養,4
期下,4
實踐,4
一切,4
折磨,4
科任,4
...,4
考差,4
況且,4
煩惱,4
最大,3
立場,3
實驗,3
證明,3
刻意,3
偏離,3
一位,3
人人,3
換成,3
教完,3
會考,3
加強,3
這會,3
十小時,3
實務,3
重要性,3
美式,3
藉口,3
學好,3
龐大,3
小考,3
砍掉,3
點的,3
同學們,3
很少,3
一學期,3
內部,3
去年,3
關注,3
總量,3
塞車,3
系統,3
依舊,3
實用,3
需長,3
期累積,3
完習,3
完功,3
缺少,3
留給,3
一昧,3
意味著,3
隨之,3
高二生,3
聲音,3
很長,3
這件,3
縮減,3
毫無,3
依靠,3
關於,3
過勞,3
自殘,3
最佳,3
校園,3
描述,3
剝奪導,3
當中,3
看重,3
包含,3
天天,3
改時間,3
幾年,3
考學測,3
例子,3
流程,3
上述,3
接受,3
去掉,3
留校,3
能達,3
初衷,3
想想,3
提前,3
不覺,3
利益,3
減少國,3
9.30,3
如下,3
否則,3
經夠,3
太累,3
若上,3
做事,3
大眾,3
偏鄉,3
正值,3
眼裡,3
角度,3
許會,3
尋找,3
心裡,3
點下,3
中心,3
根據兒,3
福聯盟,3
試辦,3
指標,3
師生,3
仍然,3
調到,3
明天,3
沒學到,3
面試,3
至上,3
概念,3
趕課,3
討厭,3
送到,3
灣的,3
將學生,3
數量,3
離家,3
大考,3
懂得,3
毫無意,3
只用,3
自私,3
心智,3
尚未,3
成熟,3
生長,3
加以,3
警告,3
主動,3
日常生活,3
家裡,3
事務,3
十二,3
凌晨,3
兩點,3
六個,3
讀書讀,3
表示,3
鴨式,3
不滿,3
考大學,3
一致,3
若學生,3
適性,3
數還,3
所有人,3
編排,3
玩手,3
怎樣,3
期待,3
過去,3
並不會,3
一堂,3
在乎,3
更慘,3
科系,3
行業,3
hellip,3
保持,3
觀察,3
年代,3
訴求,3
陷入,3
懷疑,3
反抗,3
有關,3
憂鬱症,3
動態,3
引發,3
但學生,3
早到,3
偏偏,3
補充,3
早睡早起,3
實作,3
選項,3
受損,3
傾向,3
合作,3
說明,3
歐洲,3
延到,3
輔導課,3
許多學校,3
正式,3
確定,3
留到,3
經歷,3
重新,3
導課,3
教授,3
好事,3
投票,3
弱勢,3
背景,3
城鄉,3
現場,3
計算,3
探究,3
取代,3
月底,3
老實,3
矛盾,3
主張,3
社會用,3
推行,3
全人,3
大減,3
記憶力,3
一項,3
放學後有,3
行程,3
人性化,3
常態,3
總結來,3
現行國,3
人際,3
互動,3
以學生,3
那個,3
作用,3
清醒,3
空出,3
期處,3
升旗,3
飽滿,3
不濟,3
更會,3
課能,3
家人,3
早早,3
壓得,3
老師會,3
此舉,3
不見,3
深度,3
五六,3
主義,3
看起,3
教不完,3
逼迫,3
追求,3
看待,3
在意,3
教育局,3
面前,3
古文,3
語言,3
進入,3
早已,3
形式化,3
6.30,3
很早,3
之一,3
自主性,3
被動,3
健全,3
相當,3
將時間,3
並移,3
給予,3
有個,3
逐漸,3
能縮,3
點開始,3
主管,3
過重,3
並將,3
不可,3
平時,3
正在,3
綜合,3
睡不到,3
取得,3
填鴨式,3
贊同,3
課表中,3
不得不,3
抗拒,3
那邊,3
國文,3
非學科,3
項目,3
走向,3
生就,3
冗餘,3
一來,3
高效,3
溝通,3
作品,3
不彰,3
借鏡,3
專家,2
並無,2
課並,2
倘若,2
輔助,2
一再,2
身上,2
深入,2
探討,2
國民,2
十節,2
先不說,2
那學,2
要面,2
多數家長,2
不改,2
都給,2
不喜歡,2
中間,2
廢掉,2
課期間,2
短短,2
按照,2
仔細,2
你連,2
種種,2
現階段,2
空泛,2
時間點,2
簡略,2
三小時,2
理完,2
否定,2
別人爭,2
取來,2
大學生,2
眼睛,2
做作,2
越改越,2
人際關,2
課後要,2
少年,2
族群,2
同儕,2
心理疾病,2
年紀,2
人類,2
實為,2
文言文,2
今年,2
從國,2
加課,2
不及,2
不妥,2
離譜,2
來學校,2
9.10,2
權嗎,2
連最,2
台灣常,2
勞工島,2
前三名,2
許的,2
人口老化,2
已墊底,2
比台灣,2
小約,2
衝上,2
國立,2
我購,2
勳轉,2
這本書,2
李光耀,2
首任,2
總理,2
兩項,2
兼容,2
當人們,2
辦公時,2
反觀,2
連學生,2
近況,2
排程,2
追劇,2
晚開,2
選擇權,2
意義在,2
可能性,2
完書,2
感覺,2
誇張,2
改不改,2
不僅僅,2
一根,2
稻草,2
只上,2
講課,2
變多,2
家境,2
工讀,2
創建,2
人覺,2
理論,2
相反,2
徒具形式,2
放學能,2
累死,2
金錢,2
事件,2
過來,2
從來,2
意識,2
多一點,2
全都,2
帶給,2
課對,2
拒絕,2
美感,2
自理能力,2
使學生,2
著延,2
潮流,2
安全,2
將會,2
延長,2
歡迎,2
謝謝,2
堂數,2
要教,2
方針,2
承受,2
想想看,2
比學校,2
施行,2
人均,2
必然,2
立意,2
點還,2
損害,2
上過,2
點後,2
理組,2
實驗班,2
往返,2
單程,2
我長,2
失控,2
挫折,2
耐受,2
反映,2
深刻,2
應兼顧,2
並檢討,2
延時,2
族學生,2
中式,2
不願,2
有動力,2
課無法,2
可笑,2
住家,2
捷運,2
發達,2
八堂,2
外加,2
營養,2
中午,2
用餐,2
糧食,2
補足,2
節奏,2
不利,2
薪資,2
先進,2
評估,2
分流,2
高二,2
一場,2
本科,2
借課,2
形成,2
每週,2
1.5,2
再加,2
本該,2
家事,2
運輸,2
錯過,2
搭車,2
擁擠,2
而學生,2
發育期,2
太過,2
許在,2
但題,2
選擇題,2
閉性,2
用問,2
答題,2
回答,2
出不一樣,2
稍微,2
給他們,2
開放性,2
並帶,2
並養成,2
有美國,2
撫平,2
得國,2
掌握,2
便是,2
其實並,2
無聊,2
課是,2
人數,2
延後上學,2
預防,2
實務上,2
一年期,2
節數,2
同一,2
作業量,2
搭配,2
擴大,2
極端,2
調晚,2
回來,2
不該,2
不上,2
沒用,2
涉及,2
只想,2
還想,2
期望,2
根源,2
培訓,2
乾脆,2
認真覺,2
自願,2
就業,2
譬如,2
一開始,2
邏輯,2
變相,2
針對,2
學單,2
車程,2
起跳,2
確實累,2
捷運上,2
在此之前,2
家快,2
這確實,2
可否,2
我認,2
週五,2
取而代之,2
假期,2
這已,2
經是,2
何嘗,2
實施後會,2
什麼後果,2
極少,2
打算,2
一時,2
興起,2
但要,2
層面,2
深思,2
熟慮,2
這又何,2
決斷,2
盲目,2
隨的,2
建設,2
成性,2
是屬,2
列入,2
志向,2
潛能,2
孩童,2
完課,2
講解,2
職場,2
抗壓性,2
更大,2
搞不好,2
何必,2
成正比,2
正規,2
得出,2
得讀,2
僅四到,2
也經,2
常有,2
睡著,2
能醒,2
對國,2
可有,2
舉證,2
台灣國,2
6.9,2
應為,2
1.1,2
這份,2
需應付,2
五年,2
前會少,2
沒體力,2
折衷,2
面來,2
言論,2
負責,2
提案人,2
態度,2
確切,2
比例,2
功能,2
短期,2
但此,2
何時,2
受限,2
不當,2
改動,2
單調,2
期末,2
程老,2
滿足,2
年前,2
假如,2
看齊,2
不成,2
拔掉,2
外語,2
學測會,2
減上,2
課內容,2
告訴,2
碰到,2
社會科,2
課排,2
鐘有,2
討論問,2
好奇,2
有料,2
的還,2
參加個,2
科展,2
叛逆,2
偏要,2
主流,2
觀去,2
理科,2
落魄,2
前連,2
熱愛的,2
保有,2
會覺,2
同樣,2
說過,2
空洞,2
想像,2
死去,2
出生,2
單純縮,2
增進,2
選課,2
腦部,2
打卡,2
人來,2
最終,2
回歸,2
速度,2
發現,2
嚴格,2
覺得現,2
學生過,2
一味,2
理性,2
這其實,2
那種,2
現狀,2
依賴,2
考試導,2
分散,2
著重,2
台灣長,2
視為,2
給家長,2
投資,2
批判,2
非僅,2
遠要,2
但學校,2
團體,2
課之類,2
共同,2
不合理,2
課程會,2
除掉,2
台北,2
週六課,2
一周,2
台灣現,2
課後活動,2
早放,2
不開,2
起到,2
不來,2
實力,2
遵守,2
規則,2
眼中,2
把國,2
往後延,2
我建議,2
受夠,2
節輔,2
外面,2
縮短國,2
點補習,2
可惜,2
第四,2
真實,2
一節,2
考上,2
八個,2
經上,2
國定,2
放掉,2
自控力,2
校外,2
更累,2
三年,2
確確,2
實實,2
體驗,2
無用,2
用來,2
我要,2
考到,2
分科,2
門檻,2
晚放學,2
習功,2
不住,2
即便,2
過於緊,2
傳達,2
需實習,2
受到,2
延誤,2
過往,2
應試導,2
方立場,2
生連,2
支持者,2
方應,2
實證,2
舒服,2
並加強,2
有利於,2
原則,2
無效,2
遊戲,2
程太,2
每學期,2
四年,2
人力,2
數位,2
法律,2
維護,2
致學習,2
課才,2
不大,2
廁所,2
一路,2
沒寫,2
越大,2
交互,2
可用,2
雙薪,2
疑慮,2
讀書到,2
還不,2
抑或,2
經營,2
還要換,2
最少,2
女生,2
吹頭,2
寫功,2
點睡,2
打哈欠,2
發掘,2
讓國,2
除此之外,2
接軌,2
不止,2
不堪,2
醫學,2
記憶,2
當學生,2
事半功倍,2
而導致,2
整合,2
負面,2
免疫力,2
肥胖,2
有益,2
課後時間,2
變短,2
相處,2
通車,2
糟糕,2
表藝,2
順利,2
兩者,2
自制力,2
點以,2
預期,2
決學生,2
這不僅會,2
溫習,2
可運用,2
再將,2
相較,2
設立,2
醒來,2
接著,2
制晚,2
7.20,2
朝會,2
課餘,2
命令,2
開放,2
並將國,2
良好,2
拓展,2
減少些,2
腦袋,2
沒意,2
升學為,2
充滿,2
思想,2
不亞,2
如今,2
型態,2
目光,2
做會,2
綁定,2
聚焦,2
將能,2
使學習,2
正向,2
既能,2
考卷,2
人要,2
天下,2
職業,2
短時間,2
高壓式,2
優異,2
倦怠,2
痛癢,2
兩三點,2
呼吸,2
要學生,2
硬要,2
拉長,2
比現,2
九小時,2
充分利用,2
偏晚,2
更高,2
至十點,2
守護,2
削弱,2
快樂,2
穩定,2
各縣,2
經費,2
少一點,2
多點,2
成人,2
之所以,2
當成,2
正處,2
運轉,2
既有,2
學校裡,2
面對,2
靈活,2
氛圍,2
補課,2
任務,2
人性,2
沒補習,2
因長,2
唯有,2
太早,2
違反,2
足以,2
疲勞,2
予學生,2
這議題,2
當初,2
第一步,2
沒意義,2
其中,2
辦理,2
寒暑假,2
課後輔導,2
優良,2
總是,2
社自,2
學科為,2
學力,2
友善,2
優秀,2
服務,2
進國家,2
如芬蘭,2
高效率,2
5.30,2
習課,2
課品質,2
換取,2
還高,2
再到,2
出作業,2
很快,2
剩餘,2
適得,2
避開,2
車流,2
學歷,2
付議,2
漂亮,2
各自,2
本分,2
應有,2
義務,2
累死累活,2
不停,2
全科,2
衝刺,2
不均,2
規模,2
游泳,2
錯開,2
好像,2
導師,2
付出,2
一倍,2
看清楚,2
損失,2
能否,2
涵養,2
國民藝術,2
向上,2
音樂課,2
坐公車,2
壓抑,2
晚上十,2
本意,2
懇請,2
青春,2
非常少,2
並不影響,2
人立場,2
框架,2
發揮,2
重影,2
此項,2
考考,2
已成,2
推薦,2
準時,2
意外,2
事故,2
可悲,2
還什麼,2
分數,2
應檢討,2
對學習,2
紀律,2
採取,2
灣更,2
行萬里,2
草草,2
成學生,2
教改,2
穿插,2
迫使,2
機關,2
本國,2
交通安全,2
為學生,2
做出,2
班會,2
對美術,2
國中階段,2
點較,2
合宜,2
態與國,2
各式,2
隔日,2
缺課,2
建議將,2
並維持,2
點結束,2
將音樂,2
靜態,2
選修制,2
課程宜,2
亦可,2
鄰近,2
已開,2
發國家,2
課後自願,2
非統,2
一納入,2
並兼顧,2
照理,2
較學科,1
僅為,1
文章,1
中之論點,1
分析,1
論據,1
服力,1
及學生,1
面上,1
訓練學,1
無其餘,1
增不減,1
多方,1
還是將,1
壓在,1
自相矛盾,1
國小至,1
應用,1
考場,1
刁難,1
大改,1
屁用,1
還多,1
比重,1
實行會,1
媒介,1
一輩子,1
幾所學校,1
當然會,1
那應,1
答案,1
剪掉,1
然後將,1
選科,1
沒人,1
選幾科,1
還蠻,1
穩穩,1
多學學,1
以偏概全,1
五小時,1
留國,1
更動,1
依據現,1
連早,1
提議者,1
沒學,1
教過,1
理想,1
擺明,1
彌補學校,1
印象,1
加起,1
國小持續,1
改變成,1
當前,1
漏洞百出,1
未補習,1
高等,1
中學學生,1
第一堂,1
課開始,1
點時,1
梳妝,1
三十分,1
估算,1
共三小時,1
晚餐,1
上花,1
內處,1
調動,1
上治標,1
問何謂,1
雖為,1
類似,1
課有,1
然後就,1
闔過,1
睡夠,1
教的夠,1
多且,1
說服,1
夠滿,1
足現,1
學科上,1
灣本來,1
看得出,1
最後結,1
果還,1
看成,1
認真教,1
倒不如,1
東西想,1
什麼關,1
連鎖,1
有過,1
多無用,1
真才,1
實學,1
量過,1
就會花,1
學子,1
生物,1
生存,1
必不可少,1
調劑,1
各類,1
急劇,1
敏感,1
判斷,1
思辨,1
書則極,1
大程度,1
地仰,1
賴大腦,1
腦中,1
歸檔,1
清理,1
逐末,1
未見,1
其明,1
多餘無意,1
當初將,1
原先,1
要將,1
應當要,1
將基礎,1
一零八課,1
綱下,1
理化,1
通刪,1
國語文,1
科去,1
脈絡化,1
我才剛,1
動用,1
還考試,1
何意,1
新增,1
我表極力,1
四大,1
國民中,1
學階段,1
貿然,1
除並,1
將無意,1
並堅,1
決反,1
縮至,1
這套,1
未經,1
論點,1
無立場,1
何以,1
莫名,1
諸位,1
任何人,1
夠嗎,1
只調,1
整上,1
經算,1
昏昏欲睡,1
然後下,1
點來,1
進行些,1
覺得來,1
興趣並,1
活動課,1
這幾點,1
進美國,1
潛在,1
不減,1
或家務,1
晚課,1
疊合,1
公共交通,1
道路,1
打亂,1
立刻,1
能教會,1
別國,1
國中補,1
課看,1
更想,1
五大,1
科上,1
課之間,1
交替,1
作者,1
其排,1
看過,1
霸凌,1
駱駝,1
加速,1
講的,1
很細,1
多關,1
懷學生,1
這絕,1
減太多,1
搞不懂,1
接下,1
無處,1
釋放,1
只留,1
大輕生,1
幾率,1
超人,1
十項,1
全能,1
升為,1
國自英數,1
社頭,1
腦會炸,1
學有,1
有趣,1
經靜,1
下心,1
想過,1
什麼樣,1
想訴,1
心聲,1
已經苦,1
撕爛,1
主義的,1
完完全全,1
抑制,1
讀不來,1
天賦,1
當個,1
然後跟學,1
生計,1
比讀,1
一百倍,1
出去,1
從家長,1
每當,1
耐心,1
多問,1
一句,1
看見,1
脆弱,1
勇氣,1
熱情,1
憤怒,1
純真,1
最棒,1
禮物,1
分享,1
一段路,1
天大,1
我身,1
加附,1
用詞,1
必需,1
何謂,1
僅六小時,1
科是,1
接觸並,1
初步,1
空殼,1
他人,1
爸寶媽,1
毫無幫助,1
關於憂鬱,1
自網,1
最佳解,1
三級,1
防護,1
機制,1
尚有,1
採用,1
評分,1
並使,1
內容能,1
時勢,1
連結,1
學前,1
在外,1
因上,1
延後產生,1
想表達,1
打字,1
打出,1
口頭,1
之後會,1
解惑,1
致學生,1
無非,1
幾種,1
晚間,1
這三種,1
除開,1
兩種,1
各科,1
合成,1
六邊,1
形戰士,1
生要,1
花大,1
多方面,1
所要,1
認為並,1
藉由,1
生根,1
據興趣,1
課表上,1
比課,1
綱少,1
永遠教,1
再學,1
一遍,1
只好,1
似乎,1
僵硬,1
講義,1
驗收驗,1
走出,1
殿堂,1
沒先,1
改改,1
排補習,1
滿滿,1
噹噹,1
驗收,1
坐牢,1
課表近,1
分攤,1
統測,1
狂拼,1
幾長,1
有三個,1
認為須,1
加考,1
所指,1
獨自,1
特殊,1
留言,1
學而成,1
而論,1
需一個,1
節課程,1
因進度,1
減後學生,1
忍受,1
拋棄,1
因果,1
現代學生,1
若縮,1
仍持,1
雖好,1
有力,1
這樣講,1
法學到,1
烹飪,1
義的還,1
花錢,1
實後來,1
晚才,1
學生讀,1
變晚,1
意放棄,1
改至,1
能學到,1
真可笑,1
運作,1
議案,1
問將,1
點跟放,1
學後有,1
空餘,1
關系,1
變少,1
總時數,1
ubike,1
騎車載,1
以為,1
起鬨,1
十年,1
前念,1
半開始,1
減少還,1
頂大微,1
積分,1
助教,1
難教,1
以時間,1
剛剛,1
東西載,1
配有,1
那隔,1
並不多,1
排上,1
利弊得失,1
衡量,1
薪水,1
幫忙,1
中餐,1
過短,1
但家長,1
高峰,1
改制,1
需明確,1
補償,1
行政,1
會產生,1
行試,1
餐飲,1
並考慮,1
一刀切,1
能用,1
拔除,1
榨乾,1
會有,1
硬戰,1
課老師,1
說現,1
但還,1
趕校車,1
硬撐,1
普科,1
生書,1
人會,1
無權,1
干擾,1
若要,1
五次,1
打理,1
各讀,1
此時計,1
繪圖,1
音樂練習,1
分心,1
實現,1
補習生,1
不便,1
或非,1
公車常,1
兩班,1
第一班,1
沒錯過,1
容錯,1
同班,1
受不了,1
永遠活,1
先培養,1
自理,1
計劃,1
主義只,1
不喜,1
歡學科,1
提起,1
微不足道,1
念經,1
感到,1
困倦,1
實際用,1
1.6,1
緊湊,1
大憂鬱,1
講實話,1
有善,1
逃課,1
有家長,1
開車,1
課前,1
累得氣,1
喘吁吁,1
滿身,1
大汗,1
矯枉過,1
美國兒,1
科醫學會,1
AAP,1
疾病,1
CDC,1
開學,1
毋須,1
往後推,1
90%,1
37%,1
過量,1
證實,1
私教,1
越長,1
夜間,1
越短,1
不規律,1
改鐘點,1
該考,1
不會少,1
抵銷,1
規畫,1
支撐,1
縮短時,1
破壞,1
行政官,1
受害者,1
降下,1
課務,1
決策,1
才務實,1
更務實,1
自主化,1
集合,1
校門,1
爆校,1
門口,1
管控,1
滿意度,1
幫學生,1
提過,1
然後把,1
提意,1
再當,1
好不好,1
這裡,1
這有,1
娛樂都夠,1
夠或,1
商業,1
這群,1
延晚,1
玩久,1
然後才,1
然後之後出,1
點半到,1
只習慣,1
最後只,1
瘋狂,1
連班,1
打槍,1
拿出,1
開地,1
圖炮,1
不學學,1
會培訓,1
完美,1
哪有,1
會願,1
意花,1
錄取,1
學點,1
才行,1
TL,1
DR,1
推給,1
總想,1
著延後時間,1
還在,1
無限,1
上綱,1
推越,1
連全職,1
以後怎麼,1
維生,1
之後求,1
不教,1
別覺,1
會教,1
自願選,1
https,1
join,1
gov,1
tw,1
idea,1
detail,1
ac95b365,1
1bd5,1
4a8b,1
81b1,1
7ef613efdda6,1
別上,1
變爛,1
教育系,1
統要,1
死板,1
大部份,1
殘酷,1
任由,1
然後去,1
新開,1
早課,1
畸形,1
而演,1
妄想,1
順便,1
之餘,1
家長將,1
才藝,1
下手,1
擁夠,1
信縮,1
要馬,1
老師出,1
東西要,1
算是,1
性疾病,1
所導致,1
出走,1
若是僅,1
你國,1
違憲,1
分泌,1
激素,1
妨礙,1
幼童,1
發育罪,1
以家長,1
小生,1
課範圍,1
並規劃,1
屏棄,1
因材施教,1
開發,1
仍有,1
恫嚇,1
就記,1
能以,1
吸引力,1
幽默,1
風趣,1
誘導,1
叫學生,1
推出,1
恐怕,1
沒接,1
觸過,1
知識點,1
花比,1
忘記,1
從源頭,1
定義,1
跟家長,1
之後大學,1
組織,1
感及,1
上會,1
短會,1
角色,1
努不,1
這兩個,1
開到,1
還少,1
調回,1
原來,1
這兩小時,1
相當晚,1
合規,1
延後與,1
現下,1
職社,1
區化,1
提及,1
之情,1
亦非,1
實的,1
須要,1
引導,1
大致,1
若有誤,1
見諒,1
並刪,1
兩堂,1
不無聊,1
立案,1
證實縮,1
空閒,1
花點,1
其實會,1
多加,1
因為現,1
所為,1
規矩,1
擺爛,1
下場,1
我現,1
網上,1
講說,1
難倒,1
大學能,1
這不單,1
對認,1
感謝,1
關於國,1
我持,1
同儕關,1
多重,1
課僅,1
3C,1
大規模,1
期且,1
代表性,1
勢必,1
轉移,1
加重,1
許多國,1
仍仰,1
賴家長,1
周邊,1
校務,1
版主,1
得當,1
無所謂,1
反之,1
適宜,1
如補習,1
結點,1
的確,1
研議,1
拙劣,1
為出,1
以學,1
生個,1
便利性,1
多參,1
少量,1
居住,1
較遠,1
一步登天,1
舊時代,1
現時,1
深遠,1
年輕,1
更歡,1
從小長,1
減少堂數,1
會學,1
學不來,1
人拉長,1
找出,1
去問,1
考驗,1
為何,1
找不出,1
因找,1
拼拼,1
冠冕堂皇,1
合理化,1
早班,1
機還,1
全天,1
休學能,1
著要,1
人在講,1
底下,1
一口,1
死體,1
制爛,1
關連,1
3.4,1
休學辦,1
一辦,1
通通,1
你們還,1
睡會,1
會選擇,1
床上,1
繁雜,1
這節,1
完數學,1
下節,1
這堂,1
一到,1
每一節,1
沈悶,1
動腦,1
連上,1
物化,1
能改,1
排隊,1
點半放學,1
在生活中,1
改了,1
會變,1
週末,1
星期一,1
統一,1
然後課,1
檢查,1
國語,1
我出,1
文史,1
講話,1
不會用,1
成語,1
數學解,1
方程式,1
但個,1
類還,1
認真學,1
覺得還,1
這人覺,1
音樂算,1
同興趣,1
認識,1
最難,1
最珍貴,1
天馬,1
行空,1
創意且,1
任何事物,1
好奇心,1
義並,1
無法給,1
上世紀,1
發生過,1
工人,1
表達,1
免不了,1
抹黑,1
變革,1
信網,1
酸言酸語,1
大聲,1
麻木,1
假裝,1
記住,1
索取,1
有位,1
智者,1
自具體,1
義的虛,1
總有,1
偉大,1
渺小,1
正是,1
ChatGPT,1
哈哈哈,1
加油,1
改起,1
班教,1
剛好,1
課及,1
自信心,1
一部,1
沒選到,1
課浪費,1
..,1
拒學,1
濫用,1
口角,1
停止,1
IG,1
限時,1
Threads,1
蔓延,1
第二天,1
.....,1
抖音,1
小紅書,1
刺激性,1
過強,1
不妨,1
美國學生,1
時防,1
盜袋,1
同時鎖,1
相對,1
會區,1
放心,1
騎車,1
節與,1
可憐,1
整個體,1
制面,1
四個,1
自由支配,1
不著重,1
出多種,1
同情,1
要縮,1
以後都,1
改一改,1
移掉,1
還說,1
不通,1
先改,1
取向,1
最後才,1
改上,1
先提,1
太急,1
正反,1
兩方,1
一把抓,1
光是,1
再多個,1
節還,1
第九,1
精英,1
班必須,1
班導致,1
變化,1
內容少,1
以讀,1
我並,1
幸福,1
接輔助,1
最後想,1
最後提,1
出言,1
嘲諷,1
感情用事,1
是爛,1
侮辱,1
很蠢,1
提醒,1
如有,1
點前,1
出入,1
支配,1
課程常,1
批判性,1
協作,1
記憶型,1
升學路徑,1
技職,1
但路徑,1
升學型,1
選拔,1
期高,1
吃過,1
手段,1
制定者,1
硬性,1
校時,1
多樣,1
單一,1
化考,1
權重,1
商資源,1
並在,1
日常,1
中落實,1
向家長,1
放縱,1
簡短,1
從美國,1
角度看,1
磨成,1
能撐,1
若想,1
縮小,1
系統性,1
要學會,1
會少,1
在網,1
簽過,1
課後班,1
聚精會,1
會加,1
考試還,1
課不強,1
制還,1
壓迫性,1
成年人,1
數過,1
住宿,1
慧燈,1
中學,1
案子,1
會拉長,1
毫無關,1
生現,1
就近,1
就學,1
搭乘,1
許多號,1
專車,1
欣欣,1
客運,1
路線,1
司機,1
排班,1
一案,1
已經縮,1
導致學,1
生荒,1
知識量,1
全國,1
水平,1
仍要,1
屬個,1
若有,1
雲林,1
縣國,1
半強,1
迫性,1
少上,1
五節,1
當周,1
輔會,1
拖到,1
寥寥,1
無幾,1
課相當,1
其一,1
下培養,1
背道,1
科要,1
要聘,1
專任,1
中會,1
給課,1
行動,1
台灣離,1
給你多,1
講再,1
減並,1
離職,1
看太多,1
電視劇,1
有足夠,1
教是,1
哪間,1
避雷,1
帝國,1
當會,1
計師,1
當什麼,1
這位,1
定義是,1
考證,1
照要,1
再多花,1
禮拜少,1
整會,1
牽動,1
能維持,1
消減,1
將到,1
講笑,1
閒聊,1
隨意揮,1
節有,1
化學課,1
故事,1
最後悔,1
難過,1
週六輔,1
上路,1
難行,1
提高效率,1
混水,1
摸魚,1
點半先,1
改十點,1
眾多,1
學生家裡,1
學美術,1
學音樂,1
時代學生,1
課實施,1
補助,1
搭計,1
程車,1
zwj,1
小孩子,1
合格,1
乏味,1
學然後六點,1
放學並,1
節之類,1
名義去,1
登記,1
宣導要,1
多運動,1
放假,1
互相配合,1
多花些,1
廢話,1
喊口號,1
笑死人,1
持反,1
關聯性,1
上放學,1
主因,1
電子,1
品有,1
社經,1
許有,1
無此,1
此舉將,1
趨向,1
有明,1
確且,1
三法針,1
所屬,1
主動性,1
說白,1
想十點,1
有學生,1
少待,1
滑手機,1
上國,1
問學生,1
選銷,1
表演,1
人不會,1
班之類,1
身為國,1
三生,1
壓到,1
確絲,1
毫未,1
改革方案,1
人車潮,1
公共,1
拼命,1
永遠,1
只會加,1
早下,1
念書,1
上網,1
區分,1
幼稚,1
管得,1
問學,1
管成,1
中學生,1
迷茫,1
困惑,1
最近,1
固定,1
節學,1
科課,1
節為,1
天體育,1
天社團,1
科納入,1
非學,1
科類,1
以選修,1
可若達,1
體育班,1
改為檢,1
定式,1
隔年,1
生死,1
考幾次,1
and,1
看學習,1
納入,1
放榜,1
日期,1
一天到晚,1
開心,1
早要,1
不累,1
往後調,1
一整,1
週有,1
習不完,1
開書,1
起書來,1
國中要,1
裡也讀,1
不下,1
開晚,1
靜下心,1
那以,1
導致後面,1
接近,1
懵懵懂懂,1
書籍,1
陪伴,1
兄弟,1
談心,1
須重,1
視學,1
點就會,1
夠彌,1
補晚,1
放學後個,1
會維持,1
改有,1
沒經,1
過大腦,1
出發點,1
單純過,1
課表裡,1
面非,1
三分之一,1
實際學習,1
學分制,1
模組制,1
修滿,1
缺口,1
跨科,1
支援,1
我本來,1
缺老師,1
排滿,1
教得,1
心虛,1
打折,1
縮短學生,1
校共聘,1
老師教,1
錯置,1
之後頂,1
多用,1
勞基法,1
休假,1
傻傻,1
給慣,1
壓榨,1
吐血,1
問德智體,1
群美,1
作才,1
專門,1
挑時間,1
丟補習,1
這和,1
作業會,1
喝水,1
問是,1
要邊,1
課邊,1
坐到,1
總共,1
屁股,1
玩電動,1
太快,1
起不來,1
情況並,1
原神,1
傳說,1
並不反,1
天亮,1
坦白,1
講還,1
考之後再,1
客串,1
使多數,1
更導致,1
合理性,1
學能,1
則讓,1
事體育,1
非僅僅,1
埋首,1
書本,1
數家長,1
內容過,1
推動前,1
需仔細,1
相容,1
並有,1
著學生,1
一條,1
累且,1
遙遙,1
無期,1
遠遠,1
節和補習,1
報酬,1
但現,1
出路,1
班裡面,1
確蠻,1
比要,1
經明,1
顯不夠,1
威脅,1
節律,1
並為,1
多屬,1
盼望,1
當作,1
遠小,1
分前,1
交作業,1
點出門,1
衣服,1
五分,1
綁頭,1
生理期,1
褲子,1
清洗,1
私密,1
部位,1
經過,1
最早,1
若功,1
但緊,1
本無法,1
課喜歡,1
趴著,1
超累,1
打起精神,1
並與,1
每位,1
補學習,1
將近,1
未有,1
自殺數,1
增多,1
點半至,1
普遍存在,1
鞏固,1
吸收力,1
疲勞學習,1
學並,1
非僅限,1
能穩,1
定情,1
活得,1
常見,1
將有,1
趕著,1
儀容,1
從容,1
迎接,1
其長,1
灌輸,1
從外,1
縣市,1
經不遠,1
市區,1
家有,1
最重,1
下要,1
顧全,1
節已,1
止境,1
疲勞裡,1
但少,1
有太多,1
藝術類,1
課程並,1
換掉,1
那裡學,1
決議,1
挑戰性,1
這次,1
部定,1
太重,1
顧到,1
有心,1
進修,1
課導致,1
大導致,1
學不,1
推崇,1
並未放棄,1
升學主義,1
互相矛盾,1
暫時,1
並給予,1
心會,1
法達,1
上音樂,1
課表藝,1
課國,1
防課,1
制來,1
增添,1
校方,1
能解,1
點就須,1
若學校,1
空窗,1
期將,1
事事,1
懶散,1
當放學,1
須面,1
更少,1
已相,1
當緊,1
錯失,1
來解,1
之重,1
調課,1
靈很累,1
發揮出,1
仍須,1
有強,1
查詢,1
業這樣,1
有晚,1
意義嗎,1
申訴,1
單獨,1
八點鐘,1
直到,1
傍晚,1
少之又少,1
地堆,1
視野,1
填塞,1
奔命,1
地應付,1
邁出,1
出得,1
任課,1
無視,1
繳費,1
迫不得已,1
段考,1
現代年,1
輕人,1
內容及,1
修學分,1
沒修,1
業還,1
的專,1
心上,1
放學還,1
打點,1
工做點,1
技術,1
賺點,1
零花,1
依據,1
這用,1
一用,1
機之類,1
一拖,1
點過,1
睡不夠,1
義啊,1
間後移,1
有長,1
現代以,1
導向,1
民族,1
業強勢,1
民生,1
業弱勢,1
文理,1
歧視,1
居然,1
合適,1
考同樣,1
敗壞,1
少子,1
素質,1
承認,1
二十,1
想必,1
憂鬱率,1
期以,1
並不適,1
合用,1
勢必會,1
毀滅性,1
衝擊,1
用長,1
總要,1
某個,1
期面,1
縮短且,1
學科學習,1
課後則,1
顧升學,1
繁瑣,1
低效益,1
會展,1
現出,1
本案,1
可行性,1
班導,1
還規定,1
之後上,1
掃半小時,1
只休,1
實際算,1
一共,1
70%,1
一放學,1
睡到,1
有多數,1
藝課,1
不加,1
根本就是,1
拿學生,1
說夢想,1
藍圖,1
課什麼,1
介紹,1
陰陽,1
八卦,1
要面子,1
人們,1
不久,1
可載,1
行社,1
團活動,1
隨著,1
執著,1
學一個,1
分辨是非,1
白話文,1
功用,1
真有,1
覆議,1
私欲,1
這萬年,1
這時代,1
多學習,1
棄了,1
灣國,1
名列前茅,1
他國,1
顯著,1
獲取,1
心生,1
課業外,1
先機,1
佔據,1
扣除,1
盥洗,1
閒雜,1
何來,1
鑽研,1
可言,1
最後一,1
架構,1
僵化,1
坐班,1
低下,1
佔用,1
有效性,1
下學習,1
迫切,1
四小時,1
刻苦,1
點遲,1
收拾,1
買個,1
5.20,1
吃點,1
大約,1
僅剩,1
時過,1
午夜,1
連續,1
習完,1
比國,1
一進,1
分組,1
組壓力,1
一開學,1
失眠,1
胸悶,1
時不時,1
疼痛,1
順暢,1
送急,1
診檢查,1
一切正常,1
醫生,1
代價,1
趕去,1
前一天,1
變差,1
暴躁,1
對多數,1
比時間,1
課六小時,1
還好,1
遠來,1
自信,1
更願,1
意主動,1
只覺,1
重視學,1
樂趣,1
交友,1
課導,1
致長,1
空檔,1
密度,1
補作業,1
為本,1
屢見,1
不鮮,1
不高,1
雖有,1
淪為,1
將資源,1
減輕學,1
危機,1
生命,1
科並,1
我為,1
我來,1
疲倦,1
免疫,1
下醒,1
活力,1
舒適,1
一大,1
優點,1
由六點,1
充實課,1
課其實,1
幫到,1
全力支持,1
裡養,1
腳步,1
課程裡,1
不符,1
少而精,1
竟術業,1
專攻,1
家住,1
基隆,1
要花個,1
會讀,1
校間,1
部門,1
捫心,1
自問,1
撥款,1
先天,1
滿七小時,1
這已經,1
所致,1
多巴胺,1
及動力,1
自盡,1
人口,1
離家遠,1
課程害,1
上學導致,1
勞逸,1
結合,1
學生用,1
進去,1
下會,1
學進,1
減堂,1
學生少,1
講堂,1
普高,1
死裡,1
雖縮,1
但學習,1
遠勝,1
無止,1
堆疊,1
健全人格,1
途徑,1
依循,1
慣例,1
並調,1
整時間,1
顧學習,1
此案,1
偷懶,1
回歸常識,1
關鍵期,1
隱憂,1
時間裡,1
這比,1
學生視,1
即將,1
步入,1
困在學,1
校裡,1
不在乎,1
會不會,1
討好,1
被關,1
宜蘭,1
職監獄,1
三峽,1
高二學生,1
8.30,1
法參,1
來講,1
等車,1
說法,1
數一數,1
症及,1
躁鬱症,1
盛行,1
不縮,1
偏向,1
死讀,1
有大學,1
腦子裡,1
改不掉,1
創造性,1
行事,1
人員,1
停滯,1
不前,1
趕上,1
確保,1
會明顯,1
社交能力,1
中常,1
極為,1
均衡,1
設過,1
時常學生,1
未免太,1
科什,1
留著哈,1
上九個,1
還不含,1
三個,1
這還,1
要花,1
多花,1
上公車,1
分搭車,1
息影,1
調整國,1
順應,1
現代國,1
人格,1
早出,1
晚歸,1
不合,1
時宜,1
中學習,1
事倍功半,1
充沛,1
持續,1
六七,1
涵蓋,1
課後學生,1
課表壓,1
簡無效,1
近科學,1
變大,1
提議國,1
深具,1
能給,1
體能,1
探索者,1
呼應,1
鼓勵,1
舞台,1
有類,1
似的,1
不曾,1
用意,1
跟現,1
主修,1
只針,1
這這議題,1
回覆,1
發布,1
國民小學及,1
國民中學,1
教學督導,1
簡稱,1
措施,1
多年,1
許多法,1
條中,1
市督導,1
中央政府,1
訂定,1
統一規範,1
休憩,1
明定,1
所訂,1
大小,1
模擬,1
年級,1
週實施,1
並明確,1
學藝,1
辦法並,1
檢核,1
國中應,1
每學年,1
開學前,1
將檢核,1
公告,1
網站,1
單位,1
將透過,1
實地,1
視導,1
審閱,1
巡查,1
問卷晤,1
監督學校,1
即使如此,1
違犯,1
帶著,1
我國,1
將不會,1
顯著性,1
名義繼續,1
顆顆,1
零件,1
將可,1
較晚,1
相悖,1
推遲,1
投注,1
無謂,1
將課程,1
點之間,1
並優化,1
很棒,1
走個,1
國英社,1
暑輔,1
上半天,1
控下,1
並學習,1
再節,1
能量,1
放學後去,1
鋼琴,1
這將會,1
課學,1
沒變,1
節結束,1
九到,1
節是,1
繳錢,1
二四,1
補習還,1
上學九小時,1
剩三小時,1
學鋼琴,1
然後我們,1
逼太緊,1
過學生,1
展所謂,1
差點,1
反思,1
過這些,1
邀求,1
強迫學,1
近一半,1
國數英,1
不考,1
放到,1
用成,1
短國,1
快速,1
僅止,1
及志願,1
傾斜,1
素養導,1
國際上,1
許多先,1
丹麥,1
評比,1
中展現,1
亮眼,1
備課,1
學生個,1
非單,1
純延長,1
推動此,1
有功,1
課報,1
告要,1
要塞,1
人心,1
裡壓力,1
調節,1
要給,1
要加,1
對國家,1
以後發展,1
公車生,1
半夢,1
半醒,1
會怕,1
某天,1
猝死,1
考成績,1
五點鐘,1
九點鐘,1
意思,1
還算,1
節省,1
主義導,1
元來,1
累垮,1
依台灣,1
高國,1
家中,1
課讀,1
給學,1
三類,1
不太有,1
課延長,1
整一下,1
因應,1
當自習,1
但國際,1
災難,1
課學到,1
還真,1
刷題,1
會學習,1
變低,1
去觸,1
所學習,1
檢定,1
中華民國,1
高雄市,1
之國,1
再度,1
離家裡,1
發出,1
書本來,1
校定,1
會花,1
天上,1
要讀,1
進食,1
監獄,1
犯人,1
早一點,1
橡皮筋,1
頭暈,1
接著要,1
趕時間,1
更久,1
確實能,1
將課,1
程內容,1
如將,1
需學習,1
並減,1
顧成績,1
從八點,1
數人,1
移植,1
照抄,1
背後有,1
歐美比,1
較強,1
調個,1
人主體性,1
群體,1
和諧,1
條件,1
比低,1
硬體,1
設備,1
齊全,1
常面,1
歐美產業,1
路徑,1
社會則,1
升學率,1
兩頭,1
點半,1
記遲,1
由此可知,1
這半小時,1
點我,1
交流,1
減少塞車,1
敢保,1
很明,1
顯是,1
疲勞及,1
一舉,1
兩得,1
聽到,1
好友,1
逃學,1
我能,1
好轉,1
師長,1
學帶,1
很明顯,1
小事,1
耽誤,1
造福,1
弟妹,1
日益,1
數國,1
不僅會,1
減過,1
將顯,1
經驗將,1
並延後國,1
將讓,1
不給,1
讀書高,1
內無法,1
只會導,1
致腦,1
神經,1
一旦,1
開學校,1
離開,1
邁入,1
有感,1
可見國,1
大到,1
勞工,1
相比,1
拼好,1
著想,1
於國,1
吩咐,1
生體,1
少許,1
縱使,1
難點,1
客服,1
但當,1
累贅,1
人有,1
不會管,1
只不過,1
睡七小時,1
連老師,1
喜愛擅,1
這在,1
受用,1
書讀,1
成山,1
連我,1
國中升,1
習作,1
算成績,1
上去,1
問有,1
還因,1
意義去,1
若以,1
啟發學生,1
上並,1
全心,1
融入,1
趕緊,1
會去,1
並還要,1
統整,1
化成,1
著實,1
以一個,1
資質,1
有情,1
一朝一夕,1
睡足,1
所規定,1
說要,1
擠成,1
運什麼,1
沒幫助,1
法短,1
延遲,1
因為學,1
學童,1
實質性,1
國二生,1
認為現,1
國數,1
英自社,1
課表寫,1
敷衍,1
去給,1
其餘,1
智能,1
習用,1
當看,1
節上,1
敢告,1
此事,1
看法,1
一學,1
因學校,1
算下,1
不說,1
例外,1
就現,1
多長,1
及國民,1
特有,1
高牆,1
倒下,1
將無法,1
點這種,1
殘害,1
幼苗,1
企業體,1
早日,1
遭到,1
終結,1
身分,1
全數,1
考會考,1
不太好,1
當狗,1
才剛,1
升高,1
經有,1
教一科,1
這種還,1
未成年,1
還從,1
課換個,1
名字,1
湊數,1
學生常,1
考分,1
顯得,1
許多選,1
修課,1
本位,1
幫上,1
薄弱,1
尖學校,1
開出,1
特色,1
電影,1
欣賞,1
桌遊,1
放大器,1
沉重,1
課常,1
純粹當,1
除去,1
將來,1
高學歷,1
如遇,1
自救,1
事上,1
溺水,1
層出,1
不窮,1
內核,1
遇過,1
高談,1
闊論,1
政治,1
椅子,1
他噴,1
口水,1
幾節,1
心累,1
皮毛,1
說給,1
滑掉,1
專精興趣,1
負後果,1
經快,1
課刪,1
社會志工,1
理財學,1
中國學生,1
自殺率,1
居高不下,1
多半,1
因子,1
具三大,1
需八至,1
下多僅,1
六至,1
七小時,1
源頭,1
醫療,1
成本,1
現代化,1
將面,1
臨家長,1
可透過,1
校車,1
逐步,1
學了,1
看不懂,1
全拿來,1
那時,1
又費,1
專修,1
此科,1
老師並,1
時間給,1
背後因,1
上加,1
不願意,1
供公眾,1
手握,1
權力,1
擦亮,1
將你們,1
套用,1
到現,1
截然不同,1
那當然,1
更多人,1
滿意,1
改變現,1
並不高,1
逃避,1
但事實,1
眼前,1
迷惘,1
想像力,1
打壓,1
正軌,1
我後面,1
偏題,1
當年,1
整整,1
毫無邏輯,1
抱歉,1
這兩者,1
還存,1
烈陽下,1
校長,1
講廢話,1
實在,1
荒謬,1
至極,1
國防課,1
應當,1
刪一,1
請別,1
誤會,1
畢業生,1
認藝術,1
我質,1
疑國,1
美樂課,1
號稱,1
真起,1
受重,1
借來,1
考數學,1
實則,1
半吊子,1
交代,1
多留,1
這般,1
舞蹈,1
展覽,1
一下子,1
往好,1
玩笑,1
為例,1
八九,1
家功,1
課還,1
疲累,1
不能不,1
考單,1
沒睡,1
這正科,1
留著,1
全部都是,1
滲透到,1
人家,1
別科,1
正妻,1
小三恩愛的,1
背不起,1
這一,1
6.7,1
前一晚,1
還為,1
交完,1
昨天,1
考新,1
別無選擇,1
考好,1
願意活,1
這片,1
交不出,1
屬實,1
放眼看去,1
位居,1
上前,1
懲處,1
銷過,1
午睡,1
勞改,1
沒讀,1
點並,1
消除,1
還有衍,1
伸出,1
不免,1
念頭,1
焦頭爛額,1
連成績,1
顧不上,1
人都邊,1
邊上,1
假如能,1
夠晚,1
太大關,1
不明,1
不浪費,1
壓力會,1
去學,1
or,1
還要繳,1
之內,1
教課,1
沒上,1
意願,1
雜課,1
舉辦,1
放學後還,1
並不會縮,1
短太多,1
將更,1
能間,1
不必因,1
下面,1
大四,1
活動會,1
原初,1
增學生,1
許學,1
仍主導,1
工作量,1
不輸,1
照現,1
檢視,1
要是,1
編好,1
改考試,1
讀書要,1
認為國,1
若長,1
若能將,1
內容流,1
餘裕,1
短且,1
優化,1
學習歷,1
自我管理,1
這比單,1
純塞滿,1
時俱進,1
將是,1
效能,1
最實際,1
單單,1
紙本,1
還有線,1
及其,1
指派,1
適逢,1
金成長,1
能為,1
許多人,1
反應,1
揭露,1
學校將,1
醜陋,1
能學生,1
會拿來,1
電玩遊戲,1
展現,1
也好,1
也罷,1
還望,1
性言論,1
童軍課,1
按部就班,1
完上,1
講什麼,1
檢討教,1
累得,1
還跟,1
睡前,1
最後換,1
已證實,1
年齡,1
排除,1
能釋,1
放出,1
事運動,1
態中,1
並附議,1
東西塞給,1
節想,1
勾不上,1
很耗,1
低分,1
好看,1
正直,1
朝九晚五,1
點或強,1
響學生,1
填壓式,1
改良,1
洗完,1
經十點,1
所剩,1
昏昏沉沉,1
裡早,1
這樣並,1
還累,1
有著,1
東西為,1
紙筆,1
課七點,1
半六點,1
還沒時間,1
放不掉,1
優績,1
拆成,1
兩門,1
便會,1
愉悅,1
而現,1
人潮,1
有要,1
大打折扣,1
飽點,1
太高,1
特性,1
人學習,1
較差,1
不可抗力,1
課後還,1
計畫,1
彎路,1
隨傳統,1
庸庸碌碌,1
關國,1
....,1
高職生,1
放學後會,1
店家,1
下班,1
家要,1
家務,1
是給,1
算學分,1
常看到,1
太大而,1
遲遲,1
現況,1
學學,1
有利,1
成敗,1
校內,1
企業,1
學制,1
經將,1
融合,1
自由度,1
可針,1
本質,1
心態,1
是國,1
節其實,1
打電話,1
請家長,1
完之後還,1
還沒寫,1
觀察下,1
每個國,1
死當,1
而導,1
致國,1
通行,1
總動員,1
恍神,1
緊張,1
不及格,1
被當,1
那學生,1
白費,1
回學校,1
情緒過,1
無法釋,1
抑鬱,1
壓死,1
國中還,1
妹妹,1
社畜,1
小朋友,1
口口,1
聲聲,1
要素,1
養加,1
變多然,1
還變,1
義浪費,1
看人,1
根深蒂固,1
全改,1
做起,1
我國應,1
培養個,1
主考,1
科壓力,1
課後興趣,1
僅僅,1
將數位,1
工具,1
推動專,1
操作,1
比口頭,1
顧室,1
外教,1
內教學,1
教學次數,1
筆記,1
戶外,1
參與度,1
設計過,1
近學生,1
不容,1
忽視,1
記三大過,1
最後照樣,1
處分,1
規範,1
威信,1
行為後果,1
並設計,1
教育性,1
懲戒,1
課因,1
學出,1
學不進,1
超大,1
只學國,1
超爛,1
超少,1
然後學生,1
很忙,1
問問,1
灣有,1
那有,1
GDP,1
那為何,1
每天花,1
裡面,1
多才,1
想問,1
哪來,1
一貫,1
中國式,1
試著,1
加拿大,1
充實,1
以至,1
份子,1
帶領,1
向前走,1
官員們,1
灣未來,1
點不太,1
點我覺,1
僅用,1
專門花,1
很麻煩,1
課一點,1
選到,1
分開,1
睡晚,1
窘迫,1
解答,1
所學,1
被主,1
真是,1
火大,1
太陽,1
還沒出,1
家太陽,1
下山,1
剩讀,1
奴隸,1
沒得,1
經受,1
論國外,1
數比,1
菁英,1
嚇人,1
那讀,1
戶外實,1
比紙,1
好太多,1
官員,1
讀萬卷,1
實際上,1
背書,1
豐富且,1
累積過,1
指令,1
動作,1
如實,1
進到,1
作業後便,1
認為諸,1
類的,1
替代,1
全體,1
教導,1
學生來,1
改變國,1
之上,1
學校則,1
課後能夠,1
那學校,1
留在,1
非正課,1
收獲,1
舊有,1
名義把,1
有學習,1
上升,1
其將,1
求學階段,1
給出,1
快樂學習,1
並非僅,1
回歸到,1
舉措,1
違背,1
響學習,1
密切,1
推卸,1
揚棄,1
過時,1
遠勝過,1
苦撐,1
促使,1
精煉,1
所釋,1
金時刻,1
深化,1
構成,1
素材,1
沃土,1
克服,1
正視此,1
勇敢,1
地為,1
令人,1
更是如此,1
難免,1
不公,1
課社團,1
再長,1
數學校,1
遠遠達,1
水準,1
已經夠,1
令人窒息,1
靈狀況,1
讀書生,1
活到老,1
意學習,1
扼殺,1
體會,1
看作,1
寫作,1
遺毒,1
翻新,1
無暇,1
延後不僅,1
現代上,1
案件,1
若過,1
點能,1
情形,1
因疲勞,1
可作,1
線上,1
另一方面,1
受益,1
多家,1
壅塞,1
對遠,1
便利,1
審慎評,1
估並,1
創造,1
一日,1
數先,1
其學習,1
並未,1
減弱,1
呈現,1
高時數,1
低效率,1
過大將,1
若學習,1
之下,1
啟發,1
荷蘭,1
其學生,1
幸福感,1
由此,1
可見,1
已能,1
點半前,1
師創,1
然後讓,1
補覺,1
無異,1
熱忱,1
你給,1
用功,1
那該,1
選想,1
終究,1
雙方,1
真心,1
一二年,1
不無好,1
國一國,1
棋藝,1
看來,1
周遭,1
心之所,1
還多花,1
無趣,1
語課,1
台語,1
還學,1
拼音,1
立體,1
雕刻,1
繪畫,1
極點,1
或額,1
外上,1
吹直,1
古代,1
音樂史,1
私下,1
班級,1
開班會,1
最後變,1
之餘學習,1
不求,1
短到,1
之後再,1
報考,1
鑑定,1
相同,1
歷練,1
減輕家裡,1
改軍事,1
男女,1
語文,1
自然科,1
數理,1
預修,1
誰理,1
國七學生,1
應確,1
設計宜,1
作法,1
可強,1
調學習,1
將學校,1
持正,1
規課,1
程之餘,1
太大用,1
一點算,1
點起,1
搭公車,1
太緊,1
跨縣,1
市讀,1
確實會,1
機動性,1
最初,1
好大學,1
偏科,1
無形,1
事壓,1
面面俱到,1
常覺,1
快要,1
工時,1
試行,1
週休,1
三日,1
不時,1
自縊,1
經文,1
然後再,1
搓揉,1
民意,1
的關,1
參加晚,1
上學前,1
不認,1
可行,1
我個,1
竟現,1
連假,1
課規定,1
國三,1
講早,1
違規教,1
國九上,1
九下,1
留晚,1
跨區,1
半點,1
說國,1
要十小時,1
自從,1
換湯,1
不換藥,1
看會考,1
這最,1
造就,1
寫題,1
應變,1
改善目前,1
較夠,1
不太,1
交朋友,1
七八,1
最後都會,1
瞎忙,1
太誇張,1
早八,1
離家近,1
三四,1
點才會,1
並無用,1
課步,1
調裡,1
幾堂,1
喘口氣,1
緩衝,1
想照,1
無意,1
這不讓,1
跳樓,1
好玩,1
孔子,1
放錯,1
歐美學習,1
以幫助,1
太少,1
現階段國,1
偏遠,1
趕公車,1
放學後趕,1
升學來,1
體育性,1
校隊,1
比靠,1
那少許,1
挖掘,1
高低,1
之分,1
分數會,1
沒考,1
沮喪,1
打分,1
數機制,1
發自內,1
心想,1
認可學,1
生會,1
認為學,1
旁邊,1
聊天,1
而學,1
學一學期,1
心得,1
點學習,1
抵過,1
好腦袋,1
清晰,1
學起,1
單純取,1
體組,1
剛般,1
講出,1
考素,1
養題,1
專一性,1
就會少,1
成就,1
課文,1
數時間,1
